filename,type
cat.1.jpg,0
cat.2.jpg,0
cat.3.jpg,0
cat.4.jpg,0
cat.5.jpg,0
cat.6.jpg,0
cat.7.jpg,0
cat.8.jpg,0
cat.9.jpg,0
cat.10.jpg,0
cat.11.jpg,0
cat.12.jpg,0
cat.13.jpg,0
cat.14.jpg,0
cat.15.jpg,0
cat.16.jpg,0
cat.17.jpg,0
cat.18.jpg,0
cat.19.jpg,0
cat.20.jpg,0
cat.21.jpg,0
cat.22.jpg,0
cat.23.jpg,0
cat.24.jpg,0
cat.25.jpg,0
cat.26.jpg,0
cat.27.jpg,0
cat.28.jpg,0
cat.29.jpg,0
cat.30.jpg,0
cat.31.jpg,0
cat.32.jpg,0
cat.33.jpg,0
cat.34.jpg,0
cat.35.jpg,0
cat.36.jpg,0
cat.37.jpg,0
cat.38.jpg,0
cat.39.jpg,0
cat.40.jpg,0
cat.41.jpg,0
cat.42.jpg,0
cat.43.jpg,0
cat.44.jpg,0
cat.45.jpg,0
cat.46.jpg,0
cat.47.jpg,0
cat.48.jpg,0
cat.49.jpg,0
cat.50.jpg,0
cat.51.jpg,0
cat.52.jpg,0
cat.53.jpg,0
cat.54.jpg,0
cat.55.jpg,0
cat.56.jpg,0
cat.57.jpg,0
cat.58.jpg,0
cat.59.jpg,0
cat.60.jpg,0
cat.61.jpg,0
cat.62.jpg,0
cat.63.jpg,0
cat.64.jpg,0
cat.65.jpg,0
cat.66.jpg,0
cat.67.jpg,0
cat.68.jpg,0
cat.69.jpg,0
cat.70.jpg,0
cat.71.jpg,0
cat.72.jpg,0
cat.73.jpg,0
cat.74.jpg,0
cat.75.jpg,0
cat.76.jpg,0
cat.77.jpg,0
cat.78.jpg,0
cat.79.jpg,0
cat.80.jpg,0
cat.81.jpg,0
cat.82.jpg,0
cat.83.jpg,0
cat.84.jpg,0
cat.85.jpg,0
cat.86.jpg,0
cat.87.jpg,0
cat.88.jpg,0
cat.89.jpg,0
cat.90.jpg,0
cat.91.jpg,0
cat.92.jpg,0
cat.93.jpg,0
cat.94.jpg,0
cat.95.jpg,0
cat.96.jpg,0
cat.97.jpg,0
cat.98.jpg,0
cat.99.jpg,0
cat.100.jpg,0
cat.101.jpg,0
cat.102.jpg,0
cat.103.jpg,0
cat.104.jpg,0
cat.105.jpg,0
cat.106.jpg,0
cat.107.jpg,0
cat.108.jpg,0
cat.109.jpg,0
cat.110.jpg,0
cat.111.jpg,0
cat.112.jpg,0
cat.113.jpg,0
cat.114.jpg,0
cat.115.jpg,0
cat.116.jpg,0
cat.117.jpg,0
cat.118.jpg,0
cat.119.jpg,0
cat.120.jpg,0
cat.121.jpg,0
cat.122.jpg,0
cat.123.jpg,0
cat.124.jpg,0
cat.125.jpg,0
cat.126.jpg,0
cat.127.jpg,0
cat.128.jpg,0
cat.129.jpg,0
cat.130.jpg,0
cat.131.jpg,0
cat.132.jpg,0
cat.133.jpg,0
cat.134.jpg,0
cat.135.jpg,0
cat.136.jpg,0
cat.137.jpg,0
cat.138.jpg,0
cat.139.jpg,0
cat.140.jpg,0
cat.141.jpg,0
cat.142.jpg,0
cat.143.jpg,0
cat.144.jpg,0
cat.145.jpg,0
cat.146.jpg,0
cat.147.jpg,0
cat.148.jpg,0
cat.149.jpg,0
cat.150.jpg,0
cat.151.jpg,0
cat.152.jpg,0
cat.153.jpg,0
cat.154.jpg,0
cat.155.jpg,0
cat.156.jpg,0
cat.157.jpg,0
cat.158.jpg,0
cat.159.jpg,0
cat.160.jpg,0
cat.161.jpg,0
cat.162.jpg,0
cat.163.jpg,0
cat.164.jpg,0
cat.165.jpg,0
cat.166.jpg,0
cat.167.jpg,0
cat.168.jpg,0
cat.169.jpg,0
cat.170.jpg,0
cat.171.jpg,0
cat.172.jpg,0
cat.173.jpg,0
cat.174.jpg,0
cat.175.jpg,0
cat.176.jpg,0
cat.177.jpg,0
cat.178.jpg,0
cat.179.jpg,0
cat.180.jpg,0
cat.181.jpg,0
cat.182.jpg,0
cat.183.jpg,0
cat.184.jpg,0
cat.185.jpg,0
cat.186.jpg,0
cat.187.jpg,0
cat.188.jpg,0
cat.189.jpg,0
cat.190.jpg,0
cat.191.jpg,0
cat.192.jpg,0
cat.193.jpg,0
cat.194.jpg,0
cat.195.jpg,0
cat.196.jpg,0
cat.197.jpg,0
cat.198.jpg,0
cat.199.jpg,0
cat.200.jpg,0
cat.201.jpg,0
cat.202.jpg,0
cat.203.jpg,0
cat.204.jpg,0
cat.205.jpg,0
cat.206.jpg,0
cat.207.jpg,0
cat.208.jpg,0
cat.209.jpg,0
cat.210.jpg,0
cat.211.jpg,0
cat.212.jpg,0
cat.213.jpg,0
cat.214.jpg,0
cat.215.jpg,0
cat.216.jpg,0
cat.217.jpg,0
cat.218.jpg,0
cat.219.jpg,0
cat.220.jpg,0
cat.221.jpg,0
cat.222.jpg,0
cat.223.jpg,0
cat.224.jpg,0
cat.225.jpg,0
cat.226.jpg,0
cat.227.jpg,0
cat.228.jpg,0
cat.229.jpg,0
cat.230.jpg,0
cat.231.jpg,0
cat.232.jpg,0
cat.233.jpg,0
cat.234.jpg,0
cat.235.jpg,0
cat.236.jpg,0
cat.237.jpg,0
cat.238.jpg,0
cat.239.jpg,0
cat.240.jpg,0
cat.241.jpg,0
cat.242.jpg,0
cat.243.jpg,0
cat.244.jpg,0
cat.245.jpg,0
cat.246.jpg,0
cat.247.jpg,0
cat.248.jpg,0
cat.249.jpg,0
cat.250.jpg,0
cat.251.jpg,0
cat.252.jpg,0
cat.253.jpg,0
cat.254.jpg,0
cat.255.jpg,0
cat.256.jpg,0
cat.257.jpg,0
cat.258.jpg,0
cat.259.jpg,0
cat.260.jpg,0
cat.261.jpg,0
cat.262.jpg,0
cat.263.jpg,0
cat.264.jpg,0
cat.265.jpg,0
cat.266.jpg,0
cat.267.jpg,0
cat.268.jpg,0
cat.269.jpg,0
cat.270.jpg,0
cat.271.jpg,0
cat.272.jpg,0
cat.273.jpg,0
cat.274.jpg,0
cat.275.jpg,0
cat.276.jpg,0
cat.277.jpg,0
cat.278.jpg,0
cat.279.jpg,0
cat.280.jpg,0
cat.281.jpg,0
cat.282.jpg,0
cat.283.jpg,0
cat.284.jpg,0
cat.285.jpg,0
cat.286.jpg,0
cat.287.jpg,0
cat.288.jpg,0
cat.289.jpg,0
cat.290.jpg,0
cat.291.jpg,0
cat.292.jpg,0
cat.293.jpg,0
cat.294.jpg,0
cat.295.jpg,0
cat.296.jpg,0
cat.297.jpg,0
cat.298.jpg,0
cat.299.jpg,0
cat.300.jpg,0
cat.301.jpg,0
cat.302.jpg,0
cat.303.jpg,0
cat.304.jpg,0
cat.305.jpg,0
cat.306.jpg,0
cat.307.jpg,0
cat.308.jpg,0
cat.309.jpg,0
cat.310.jpg,0
cat.311.jpg,0
cat.312.jpg,0
cat.313.jpg,0
cat.314.jpg,0
cat.315.jpg,0
cat.316.jpg,0
cat.317.jpg,0
cat.318.jpg,0
cat.319.jpg,0
cat.320.jpg,0
cat.321.jpg,0
cat.322.jpg,0
cat.323.jpg,0
cat.324.jpg,0
cat.325.jpg,0
cat.326.jpg,0
cat.327.jpg,0
cat.328.jpg,0
cat.329.jpg,0
cat.330.jpg,0
cat.331.jpg,0
cat.332.jpg,0
cat.333.jpg,0
cat.334.jpg,0
cat.335.jpg,0
cat.336.jpg,0
cat.337.jpg,0
cat.338.jpg,0
cat.339.jpg,0
cat.340.jpg,0
cat.341.jpg,0
cat.342.jpg,0
cat.343.jpg,0
cat.344.jpg,0
cat.345.jpg,0
cat.346.jpg,0
cat.347.jpg,0
cat.348.jpg,0
cat.349.jpg,0
cat.350.jpg,0
cat.351.jpg,0
cat.352.jpg,0
cat.353.jpg,0
cat.354.jpg,0
cat.355.jpg,0
cat.356.jpg,0
cat.357.jpg,0
cat.358.jpg,0
cat.359.jpg,0
cat.360.jpg,0
cat.361.jpg,0
cat.362.jpg,0
cat.363.jpg,0
cat.364.jpg,0
cat.365.jpg,0
cat.366.jpg,0
cat.367.jpg,0
cat.368.jpg,0
cat.369.jpg,0
cat.370.jpg,0
cat.371.jpg,0
cat.372.jpg,0
cat.373.jpg,0
cat.374.jpg,0
cat.375.jpg,0
cat.376.jpg,0
cat.377.jpg,0
cat.378.jpg,0
cat.379.jpg,0
cat.380.jpg,0
cat.381.jpg,0
cat.382.jpg,0
cat.383.jpg,0
cat.384.jpg,0
cat.385.jpg,0
cat.386.jpg,0
cat.387.jpg,0
cat.388.jpg,0
cat.389.jpg,0
cat.390.jpg,0
cat.391.jpg,0
cat.392.jpg,0
cat.393.jpg,0
cat.394.jpg,0
cat.395.jpg,0
cat.396.jpg,0
cat.397.jpg,0
cat.398.jpg,0
cat.399.jpg,0
cat.400.jpg,0
dog.1.jpg,1
dog.2.jpg,1
dog.3.jpg,1
dog.4.jpg,1
dog.5.jpg,1
dog.6.jpg,1
dog.7.jpg,1
dog.8.jpg,1
dog.9.jpg,1
dog.10.jpg,1
dog.11.jpg,1
dog.12.jpg,1
dog.13.jpg,1
dog.14.jpg,1
dog.15.jpg,1
dog.16.jpg,1
dog.17.jpg,1
dog.18.jpg,1
dog.19.jpg,1
dog.20.jpg,1
dog.21.jpg,1
dog.22.jpg,1
dog.23.jpg,1
dog.24.jpg,1
dog.25.jpg,1
dog.26.jpg,1
dog.27.jpg,1
dog.28.jpg,1
dog.29.jpg,1
dog.30.jpg,1
dog.31.jpg,1
dog.32.jpg,1
dog.33.jpg,1
dog.34.jpg,1
dog.35.jpg,1
dog.36.jpg,1
dog.37.jpg,1
dog.38.jpg,1
dog.39.jpg,1
dog.40.jpg,1
dog.41.jpg,1
dog.42.jpg,1
dog.43.jpg,1
dog.44.jpg,1
dog.45.jpg,1
dog.46.jpg,1
dog.47.jpg,1
dog.48.jpg,1
dog.49.jpg,1
dog.50.jpg,1
dog.51.jpg,1
dog.52.jpg,1
dog.53.jpg,1
dog.54.jpg,1
dog.55.jpg,1
dog.56.jpg,1
dog.57.jpg,1
dog.58.jpg,1
dog.59.jpg,1
dog.60.jpg,1
dog.61.jpg,1
dog.62.jpg,1
dog.63.jpg,1
dog.64.jpg,1
dog.65.jpg,1
dog.66.jpg,1
dog.67.jpg,1
dog.68.jpg,1
dog.69.jpg,1
dog.70.jpg,1
dog.71.jpg,1
dog.72.jpg,1
dog.73.jpg,1
dog.74.jpg,1
dog.75.jpg,1
dog.76.jpg,1
dog.77.jpg,1
dog.78.jpg,1
dog.79.jpg,1
dog.80.jpg,1
dog.81.jpg,1
dog.82.jpg,1
dog.83.jpg,1
dog.84.jpg,1
dog.85.jpg,1
dog.86.jpg,1
dog.87.jpg,1
dog.88.jpg,1
dog.89.jpg,1
dog.90.jpg,1
dog.91.jpg,1
dog.92.jpg,1
dog.93.jpg,1
dog.94.jpg,1
dog.95.jpg,1
dog.96.jpg,1
dog.97.jpg,1
dog.98.jpg,1
dog.99.jpg,1
dog.100.jpg,1
dog.101.jpg,1
dog.102.jpg,1
dog.103.jpg,1
dog.104.jpg,1
dog.105.jpg,1
dog.106.jpg,1
dog.107.jpg,1
dog.108.jpg,1
dog.109.jpg,1
dog.110.jpg,1
dog.111.jpg,1
dog.112.jpg,1
dog.113.jpg,1
dog.114.jpg,1
dog.115.jpg,1
dog.116.jpg,1
dog.117.jpg,1
dog.118.jpg,1
dog.119.jpg,1
dog.120.jpg,1
dog.121.jpg,1
dog.122.jpg,1
dog.123.jpg,1
dog.124.jpg,1
dog.125.jpg,1
dog.126.jpg,1
dog.127.jpg,1
dog.128.jpg,1
dog.129.jpg,1
dog.130.jpg,1
dog.131.jpg,1
dog.132.jpg,1
dog.133.jpg,1
dog.134.jpg,1
dog.135.jpg,1
dog.136.jpg,1
dog.137.jpg,1
dog.138.jpg,1
dog.139.jpg,1
dog.140.jpg,1
dog.141.jpg,1
dog.142.jpg,1
dog.143.jpg,1
dog.144.jpg,1
dog.145.jpg,1
dog.146.jpg,1
dog.147.jpg,1
dog.148.jpg,1
dog.149.jpg,1
dog.150.jpg,1
dog.151.jpg,1
dog.152.jpg,1
dog.153.jpg,1
dog.154.jpg,1
dog.155.jpg,1
dog.156.jpg,1
dog.157.jpg,1
dog.158.jpg,1
dog.159.jpg,1
dog.160.jpg,1
dog.161.jpg,1
dog.162.jpg,1
dog.163.jpg,1
dog.164.jpg,1
dog.165.jpg,1
dog.166.jpg,1
dog.167.jpg,1
dog.168.jpg,1
dog.169.jpg,1
dog.170.jpg,1
dog.171.jpg,1
dog.172.jpg,1
dog.173.jpg,1
dog.174.jpg,1
dog.175.jpg,1
dog.176.jpg,1
dog.177.jpg,1
dog.178.jpg,1
dog.179.jpg,1
dog.180.jpg,1
dog.181.jpg,1
dog.182.jpg,1
dog.183.jpg,1
dog.184.jpg,1
dog.185.jpg,1
dog.186.jpg,1
dog.187.jpg,1
dog.188.jpg,1
dog.189.jpg,1
dog.190.jpg,1
dog.191.jpg,1
dog.192.jpg,1
dog.193.jpg,1
dog.194.jpg,1
dog.195.jpg,1
dog.196.jpg,1
dog.197.jpg,1
dog.198.jpg,1
dog.199.jpg,1
dog.200.jpg,1
dog.201.jpg,1
dog.202.jpg,1
dog.203.jpg,1
dog.204.jpg,1
dog.205.jpg,1
dog.206.jpg,1
dog.207.jpg,1
dog.208.jpg,1
dog.209.jpg,1
dog.210.jpg,1
dog.211.jpg,1
dog.212.jpg,1
dog.213.jpg,1
dog.214.jpg,1
dog.215.jpg,1
dog.216.jpg,1
dog.217.jpg,1
dog.218.jpg,1
dog.219.jpg,1
dog.220.jpg,1
dog.221.jpg,1
dog.222.jpg,1
dog.223.jpg,1
dog.224.jpg,1
dog.225.jpg,1
dog.226.jpg,1
dog.227.jpg,1
dog.228.jpg,1
dog.229.jpg,1
dog.230.jpg,1
dog.231.jpg,1
dog.232.jpg,1
dog.233.jpg,1
dog.234.jpg,1
dog.235.jpg,1
dog.236.jpg,1
dog.237.jpg,1
dog.238.jpg,1
dog.239.jpg,1
dog.240.jpg,1
dog.241.jpg,1
dog.242.jpg,1
dog.243.jpg,1
dog.244.jpg,1
dog.245.jpg,1
dog.246.jpg,1
dog.247.jpg,1
dog.248.jpg,1
dog.249.jpg,1
dog.250.jpg,1
dog.251.jpg,1
dog.252.jpg,1
dog.253.jpg,1
dog.254.jpg,1
dog.255.jpg,1
dog.256.jpg,1
dog.257.jpg,1
dog.258.jpg,1
dog.259.jpg,1
dog.260.jpg,1
dog.261.jpg,1
dog.262.jpg,1
dog.263.jpg,1
dog.264.jpg,1
dog.265.jpg,1
dog.266.jpg,1
dog.267.jpg,1
dog.268.jpg,1
dog.269.jpg,1
dog.270.jpg,1
dog.271.jpg,1
dog.272.jpg,1
dog.273.jpg,1
dog.274.jpg,1
dog.275.jpg,1
dog.276.jpg,1
dog.277.jpg,1
dog.278.jpg,1
dog.279.jpg,1
dog.280.jpg,1
dog.281.jpg,1
dog.282.jpg,1
dog.283.jpg,1
dog.284.jpg,1
dog.285.jpg,1
dog.286.jpg,1
dog.287.jpg,1
dog.288.jpg,1
dog.289.jpg,1
dog.290.jpg,1
dog.291.jpg,1
dog.292.jpg,1
dog.293.jpg,1
dog.294.jpg,1
dog.295.jpg,1
dog.296.jpg,1
dog.297.jpg,1
dog.298.jpg,1
dog.299.jpg,1
dog.300.jpg,1
dog.301.jpg,1
dog.302.jpg,1
dog.303.jpg,1
dog.304.jpg,1
dog.305.jpg,1
dog.306.jpg,1
dog.307.jpg,1
dog.308.jpg,1
dog.309.jpg,1
dog.310.jpg,1
dog.311.jpg,1
dog.312.jpg,1
dog.313.jpg,1
dog.314.jpg,1
dog.315.jpg,1
dog.316.jpg,1
dog.317.jpg,1
dog.318.jpg,1
dog.319.jpg,1
dog.320.jpg,1
dog.321.jpg,1
dog.322.jpg,1
dog.323.jpg,1
dog.324.jpg,1
dog.325.jpg,1
dog.326.jpg,1
dog.327.jpg,1
dog.328.jpg,1
dog.329.jpg,1
dog.330.jpg,1
dog.331.jpg,1
dog.332.jpg,1
dog.333.jpg,1
dog.334.jpg,1
dog.335.jpg,1
dog.336.jpg,1
dog.337.jpg,1
dog.338.jpg,1
dog.339.jpg,1
dog.340.jpg,1
dog.341.jpg,1
dog.342.jpg,1
dog.343.jpg,1
dog.344.jpg,1
dog.345.jpg,1
dog.346.jpg,1
dog.347.jpg,1
dog.348.jpg,1
dog.349.jpg,1
dog.350.jpg,1
dog.351.jpg,1
dog.352.jpg,1
dog.353.jpg,1
dog.354.jpg,1
dog.355.jpg,1
dog.356.jpg,1
dog.357.jpg,1
dog.358.jpg,1
dog.359.jpg,1
dog.360.jpg,1
dog.361.jpg,1
dog.362.jpg,1
dog.363.jpg,1
dog.364.jpg,1
dog.365.jpg,1
dog.366.jpg,1
dog.367.jpg,1
dog.368.jpg,1
dog.369.jpg,1
dog.370.jpg,1
dog.371.jpg,1
dog.372.jpg,1
dog.373.jpg,1
dog.374.jpg,1
dog.375.jpg,1
dog.376.jpg,1
dog.377.jpg,1
dog.378.jpg,1
dog.379.jpg,1
dog.380.jpg,1
dog.381.jpg,1
dog.382.jpg,1
dog.383.jpg,1
dog.384.jpg,1
dog.385.jpg,1
dog.386.jpg,1
dog.387.jpg,1
dog.388.jpg,1
dog.389.jpg,1
dog.390.jpg,1
dog.391.jpg,1
dog.392.jpg,1
dog.393.jpg,1
dog.394.jpg,1
dog.395.jpg,1
dog.396.jpg,1
dog.397.jpg,1
dog.398.jpg,1
dog.399.jpg,1
dog.400.jpg,1
horse.1.jpg,2
horse.2.jpg,2
horse.3.jpg,2
horse.4.jpg,2
horse.5.jpg,2
horse.6.jpg,2
horse.7.jpg,2
horse.8.jpg,2
horse.9.jpg,2
horse.10.jpg,2
horse.11.jpg,2
horse.12.jpg,2
horse.13.jpg,2
horse.14.jpg,2
horse.15.jpg,2
horse.16.jpg,2
horse.17.jpg,2
horse.18.jpg,2
horse.19.jpg,2
horse.20.jpg,2
horse.21.jpg,2
horse.22.jpg,2
horse.23.jpg,2
horse.24.jpg,2
horse.25.jpg,2
horse.26.jpg,2
horse.27.jpg,2
horse.28.jpg,2
horse.29.jpg,2
horse.30.jpg,2
horse.31.jpg,2
horse.32.jpg,2
horse.33.jpg,2
horse.34.jpg,2
horse.35.jpg,2
horse.36.jpg,2
horse.37.jpg,2
horse.38.jpg,2
horse.39.jpg,2
horse.40.jpg,2
horse.41.jpg,2
horse.42.jpg,2
horse.43.jpg,2
horse.44.jpg,2
horse.45.jpg,2
horse.46.jpg,2
horse.47.jpg,2
horse.48.jpg,2
horse.49.jpg,2
horse.50.jpg,2
horse.51.jpg,2
horse.52.jpg,2
horse.53.jpg,2
horse.54.jpg,2
horse.55.jpg,2
horse.56.jpg,2
horse.57.jpg,2
horse.58.jpg,2
horse.59.jpg,2
horse.60.jpg,2
horse.61.jpg,2
horse.62.jpg,2
horse.63.jpg,2
horse.64.jpg,2
horse.65.jpg,2
horse.66.jpg,2
horse.67.jpg,2
horse.68.jpg,2
horse.69.jpg,2
horse.70.jpg,2
horse.71.jpg,2
horse.72.jpg,2
horse.73.jpg,2
horse.74.jpg,2
horse.75.jpg,2
horse.76.jpg,2
horse.77.jpg,2
horse.78.jpg,2
horse.79.jpg,2
horse.80.jpg,2
horse.81.jpg,2
horse.82.jpg,2
horse.83.jpg,2
horse.84.jpg,2
horse.85.jpg,2
horse.86.jpg,2
horse.87.jpg,2
horse.88.jpg,2
horse.89.jpg,2
horse.90.jpg,2
horse.91.jpg,2
horse.92.jpg,2
horse.93.jpg,2
horse.94.jpg,2
horse.95.jpg,2
horse.96.jpg,2
horse.97.jpg,2
horse.98.jpg,2
horse.99.jpg,2
horse.100.jpg,2
horse.101.jpg,2
horse.102.jpg,2
horse.103.jpg,2
horse.104.jpg,2
horse.105.jpg,2
horse.106.jpg,2
horse.107.jpg,2
horse.108.jpg,2
horse.109.jpg,2
horse.110.jpg,2
horse.111.jpg,2
horse.112.jpg,2
horse.113.jpg,2
horse.114.jpg,2
horse.115.jpg,2
horse.116.jpg,2
horse.117.jpg,2
horse.118.jpg,2
horse.119.jpg,2
horse.120.jpg,2
horse.121.jpg,2
horse.122.jpg,2
horse.123.jpg,2
horse.124.jpg,2
horse.125.jpg,2
horse.126.jpg,2
horse.127.jpg,2
horse.128.jpg,2
horse.129.jpg,2
horse.130.jpg,2
horse.131.jpg,2
horse.132.jpg,2
horse.133.jpg,2
horse.134.jpg,2
horse.135.jpg,2
horse.136.jpg,2
horse.137.jpg,2
horse.138.jpg,2
horse.139.jpg,2
horse.140.jpg,2
horse.141.jpg,2
horse.142.jpg,2
horse.143.jpg,2
horse.144.jpg,2
horse.145.jpg,2
horse.146.jpg,2
horse.147.jpg,2
horse.148.jpg,2
horse.149.jpg,2
horse.150.jpg,2
horse.151.jpg,2
horse.152.jpg,2
horse.153.jpg,2
horse.154.jpg,2
horse.155.jpg,2
horse.156.jpg,2
horse.157.jpg,2
horse.158.jpg,2
horse.159.jpg,2
horse.160.jpg,2
horse.161.jpg,2
horse.162.jpg,2
horse.163.jpg,2
horse.164.jpg,2
horse.165.jpg,2
horse.166.jpg,2
horse.167.jpg,2
horse.168.jpg,2
horse.169.jpg,2
horse.170.jpg,2
horse.171.jpg,2
horse.172.jpg,2
horse.173.jpg,2
horse.174.jpg,2
horse.175.jpg,2
horse.176.jpg,2
horse.177.jpg,2
horse.178.jpg,2
horse.179.jpg,2
horse.180.jpg,2
horse.181.jpg,2
horse.182.jpg,2
horse.183.jpg,2
horse.184.jpg,2
horse.185.jpg,2
horse.186.jpg,2
horse.187.jpg,2
horse.188.jpg,2
horse.189.jpg,2
horse.190.jpg,2
horse.191.jpg,2
horse.192.jpg,2
horse.193.jpg,2
horse.194.jpg,2
horse.195.jpg,2
horse.196.jpg,2
horse.197.jpg,2
horse.198.jpg,2
horse.199.jpg,2
horse.200.jpg,2
horse.201.jpg,2
horse.202.jpg,2
horse.203.jpg,2
horse.204.jpg,2
horse.205.jpg,2
horse.206.jpg,2
horse.207.jpg,2
horse.208.jpg,2
horse.209.jpg,2
horse.210.jpg,2
horse.211.jpg,2
horse.212.jpg,2
horse.213.jpg,2
horse.214.jpg,2
horse.215.jpg,2
horse.216.jpg,2
horse.217.jpg,2
horse.218.jpg,2
horse.219.jpg,2
horse.220.jpg,2
horse.221.jpg,2
horse.222.jpg,2
horse.223.jpg,2
horse.224.jpg,2
horse.225.jpg,2
horse.226.jpg,2
horse.227.jpg,2
horse.228.jpg,2
horse.229.jpg,2
horse.230.jpg,2
horse.231.jpg,2
horse.232.jpg,2
horse.233.jpg,2
horse.234.jpg,2
horse.235.jpg,2
horse.236.jpg,2
horse.237.jpg,2
horse.238.jpg,2
horse.239.jpg,2
horse.240.jpg,2
horse.241.jpg,2
horse.242.jpg,2
horse.243.jpg,2
horse.244.jpg,2
horse.245.jpg,2
horse.246.jpg,2
horse.247.jpg,2
horse.248.jpg,2
horse.249.jpg,2
horse.250.jpg,2
horse.251.jpg,2
horse.252.jpg,2
horse.253.jpg,2
horse.254.jpg,2
horse.255.jpg,2
horse.256.jpg,2
horse.257.jpg,2
horse.258.jpg,2
horse.259.jpg,2
horse.260.jpg,2
horse.261.jpg,2
horse.262.jpg,2
horse.263.jpg,2
horse.264.jpg,2
horse.265.jpg,2
horse.266.jpg,2
horse.267.jpg,2
horse.268.jpg,2
horse.269.jpg,2
horse.270.jpg,2
horse.271.jpg,2
horse.272.jpg,2
horse.273.jpg,2
horse.274.jpg,2
horse.275.jpg,2
horse.276.jpg,2
horse.277.jpg,2
horse.278.jpg,2
horse.279.jpg,2
horse.280.jpg,2
horse.281.jpg,2
horse.282.jpg,2
horse.283.jpg,2
horse.284.jpg,2
horse.285.jpg,2
horse.286.jpg,2
horse.287.jpg,2
horse.288.jpg,2
horse.289.jpg,2
horse.290.jpg,2
horse.291.jpg,2
horse.292.jpg,2
horse.293.jpg,2
horse.294.jpg,2
horse.295.jpg,2
horse.296.jpg,2
horse.297.jpg,2
horse.298.jpg,2
horse.299.jpg,2
horse.300.jpg,2
horse.301.jpg,2
horse.302.jpg,2
horse.303.jpg,2
horse.304.jpg,2
horse.305.jpg,2
horse.306.jpg,2
horse.307.jpg,2
horse.308.jpg,2
horse.309.jpg,2
horse.310.jpg,2
horse.311.jpg,2
horse.312.jpg,2
horse.313.jpg,2
horse.314.jpg,2
horse.315.jpg,2
horse.316.jpg,2
horse.317.jpg,2
horse.318.jpg,2
horse.319.jpg,2
horse.320.jpg,2
horse.321.jpg,2
horse.322.jpg,2
horse.323.jpg,2
horse.324.jpg,2
horse.325.jpg,2
horse.326.jpg,2
horse.327.jpg,2
horse.328.jpg,2
horse.329.jpg,2
horse.330.jpg,2
horse.331.jpg,2
horse.332.jpg,2
horse.333.jpg,2
horse.334.jpg,2
horse.335.jpg,2
horse.336.jpg,2
horse.337.jpg,2
horse.338.jpg,2
horse.339.jpg,2
horse.340.jpg,2
horse.341.jpg,2
horse.342.jpg,2
horse.343.jpg,2
horse.344.jpg,2
horse.345.jpg,2
horse.346.jpg,2
horse.347.jpg,2
horse.348.jpg,2
horse.349.jpg,2
horse.350.jpg,2
horse.351.jpg,2
horse.352.jpg,2
horse.353.jpg,2
horse.354.jpg,2
horse.355.jpg,2
horse.356.jpg,2
horse.357.jpg,2
horse.358.jpg,2
horse.359.jpg,2
horse.360.jpg,2
horse.361.jpg,2
horse.362.jpg,2
horse.363.jpg,2
horse.364.jpg,2
horse.365.jpg,2
horse.366.jpg,2
horse.367.jpg,2
horse.368.jpg,2
horse.369.jpg,2
horse.370.jpg,2
horse.371.jpg,2
horse.372.jpg,2
horse.373.jpg,2
horse.374.jpg,2
horse.375.jpg,2
horse.376.jpg,2
horse.377.jpg,2
horse.378.jpg,2
horse.379.jpg,2
horse.380.jpg,2
horse.381.jpg,2
horse.382.jpg,2
horse.383.jpg,2
horse.384.jpg,2
horse.385.jpg,2
horse.386.jpg,2
horse.387.jpg,2
horse.388.jpg,2
horse.389.jpg,2
horse.390.jpg,2
horse.391.jpg,2
horse.392.jpg,2
horse.393.jpg,2
horse.394.jpg,2
horse.395.jpg,2
horse.396.jpg,2
horse.397.jpg,2
horse.398.jpg,2
horse.399.jpg,2
horse.400.jpg,2
